,team,opp_home,opp,week,slot,ot,pass_cmp,pass_att,pass_cmp_pct,pass_yds,pass_td,pass_int,sk,sk_yds,pass_rtg,rush_att,rush_yds,rush_yda,rush_td,tot_yds,plays,yds_play,to,off_time,first,rush_first,pass_first,Pen,third_att,third_cmp,third_pct,fourth_att,fourth_cmp,fourth_pct,off_result,off_score,opp_score,pass_pts,rush_pts
0,KAN,1.0,PHI,4,3,0.0,24,30,80.0,271,5,1,1,7,131.0,32,200,6.25,1,471,63,7.476190476,1.0,1852,31,12,16,3,10,9,0.9,0,0,0.0,1,42,30,29.84,26.0
1,NOR,0.0,GNB,1,4,0.0,15,21,71.4,151,5,0,0,0,131.2,39,171,4.38,0,322,60,5.366666667,0.0,2076,22,11,10,1,10,5,0.5,2,2,1.0,1,38,3,26.04,17.1
2,TAM,0.0,ATL,2,4,0.0,24,36,66.7,259,5,0,3,17,129.2,21,82,3.9,0,341,60,5.683333333,1.0,1589,21,5,14,2,12,4,0.33299999999999996,2,1,0.5,1,48,25,30.36,8.200000000000001
3,TAM,0.0,MIA,5,3,0.0,33,44,75.0,437,5,0,2,15,145.3,25,121,4.84,1,558,71,7.85915493,0.0,2227,33,5,26,2,11,8,0.727,0,0,0.0,1,45,17,37.480000000000004,18.1
4,ATL,0.0,WAS,4,3,0.0,25,42,59.5,275,4,0,1,8,111.5,28,99,3.54,0,374,71,5.267605634,0.0,1843,24,6,15,3,16,10,0.625,0,0,0.0,0,30,34,27.0,9.9
5,BUF,0.0,WAS,3,3,0.0,33,44,75.0,359,4,0,0,0,128.9,33,122,3.7,1,481,77,6.246753247,0.0,2137,29,8,20,1,15,9,0.6,1,0,0.0,1,43,21,30.36,18.200000000000003
6,CIN,1.0,DET,6,3,0.0,20,30,66.7,256,4,1,2,22,121.9,36,142,3.94,0,398,68,5.852941177,1.0,2152,20,8,10,2,15,8,0.5329999999999999,2,2,1.0,1,34,11,25.240000000000002,14.200000000000001
7,ARI,1.0,TEN,1,3,0.0,21,32,65.6,280,4,1,2,9,121.0,33,136,4.12,1,416,67,6.208955224,1.0,2001,22,7,13,2,13,7,0.5379999999999999,0,0,0.0,1,38,13,26.200000000000003,19.6
8,ARI,1.0,CLE,6,4,0.0,20,30,66.7,208,4,0,2,21,129.0,37,144,3.89,0,352,69,5.101449275,0.0,2079,24,8,11,5,15,8,0.5329999999999999,1,1,1.0,1,37,14,24.32,14.4
9,DAL,0.0,CAR,4,3,0.0,14,22,63.6,188,4,0,0,0,130.3,34,245,7.21,1,433,56,7.732142857,0.0,1584,24,12,10,2,9,3,0.33299999999999996,1,1,1.0,1,36,28,23.52,30.5
10,GNB,0.0,DET,2,6,0.0,22,27,81.5,227,4,0,3,28,145.6,31,96,3.1,1,323,61,5.295081967,0.0,2005,25,5,16,4,9,5,0.556,0,0,0.0,1,35,17,25.08,15.600000000000001
11,MIA,0.0,ATL,7,3,0.0,32,40,80.0,281,4,2,1,10,109.5,29,132,4.55,0,413,70,5.9,2.0,2078,27,9,17,1,11,7,0.636,0,0,0.0,0,28,30,25.240000000000002,13.200000000000001
12,NOR,1.0,WAS,5,3,0.0,15,30,50.0,271,4,1,2,8,108.2,23,98,4.26,1,369,55,6.709090909,2.0,1414,18,5,12,1,11,4,0.364,1,1,1.0,1,33,22,25.84,15.8
13,NYJ,1.0,IND,9,1,0.0,34,52,65.4,398,4,1,2,14,107.2,21,88,4.19,0,486,75,6.48,2.0,1773,30,3,25,2,14,8,0.5710000000000001,1,1,1.0,0,30,45,30.92,8.8
14,LAR,0.0,TAM,3,4,0.0,27,38,71.1,331,4,0,1,12,134.0,24,76,3.17,0,407,63,6.46031746,0.0,1810,22,5,16,1,15,10,0.667,0,0,0.0,1,34,24,29.240000000000002,7.6000000000000005
15,LAR,1.0,NYG,6,3,0.0,22,30,73.3,234,4,2,2,17,109.9,34,131,3.85,1,365,66,5.53030303,2.0,1942,22,6,15,1,11,2,0.182,2,2,1.0,1,38,11,23.36,19.1
16,BAL,0.0,IND,5,6,1.0,37,43,86.0,437,4,0,2,5,140.5,25,86,3.44,0,523,70,7.471428571,1.0,2031,30,7,22,1,8,3,0.375,0,0,0.0,1,31,25,33.480000000000004,8.6
17,LAC,1.0,KAN,3,3,0.0,26,38,68.4,275,4,0,1,6,125.0,22,77,3.5,0,352,61,5.770491803,0.0,1649,21,3,16,2,11,4,0.364,1,1,1.0,1,30,24,27.0,7.7
18,LAC,0.0,CLE,5,4,0.0,26,43,60.5,381,4,0,2,17,122.0,23,112,4.87,3,493,68,7.25,1.0,1412,27,9,14,4,13,6,0.462,3,3,1.0,1,47,42,31.240000000000002,29.200000000000003
19,SEA,1.0,IND,1,3,0.0,18,23,78.3,241,4,0,3,13,152.3,27,140,5.19,0,381,53,7.188679245,1.0,1453,18,6,12,0,9,4,0.444,0,0,0.0,1,28,16,25.64,14.0
20,TAM,0.0,DAL,1,1,0.0,32,50,64.0,379,4,2,0,0,97.0,14,52,3.71,0,431,64,6.734375,4.0,1533,24,1,22,1,11,5,0.455,0,0,0.0,1,31,29,29.16,5.2
21,TAM,0.0,CHI,7,4,0.0,22,39,56.4,226,4,0,0,0,107.4,31,182,5.87,1,408,70,5.828571429,1.0,1865,28,12,13,3,12,4,0.33299999999999996,2,1,0.5,1,38,3,25.04,24.2
22,TAM,1.0,NOR,8,4,0.0,28,41,68.3,350,4,2,3,25,109.3,14,71,5.07,0,421,58,7.25862069,3.0,1604,16,3,13,0,13,8,0.615,1,0,0.0,0,27,36,28.0,7.1000000000000005
23,BUF,1.0,KAN,5,5,0.0,15,26,57.7,315,3,0,0,0,139.1,28,121,4.32,1,436,54,8.074074074,0.0,1655,20,7,12,1,11,5,0.455,0,0,0.0,1,38,20,24.6,18.1
24,BUF,1.0,TEN,6,6,0.0,35,47,74.5,335,3,1,3,18,107.8,23,82,3.57,0,417,73,5.712328767,1.0,1970,28,3,22,3,13,7,0.5379999999999999,1,0,0.0,0,31,34,24.4,8.200000000000001
25,CIN,1.0,PIT,3,3,0.0,14,18,77.8,172,3,1,0,0,122.9,24,96,4.0,0,268,42,6.380952381,1.0,1478,12,4,7,1,9,3,0.33299999999999996,0,0,0.0,1,24,10,17.88,9.600000000000001
26,CIN,1.0,BAL,7,3,0.0,23,38,60.5,409,3,1,1,7,113.5,24,111,4.63,2,520,63,8.253968254,1.0,1691,19,3,15,1,13,4,0.308,2,1,0.5,1,41,17,27.36,23.1
27,CIN,1.0,NYJ,8,3,0.0,22,35,62.9,277,3,1,3,28,107.4,16,41,2.56,1,318,54,5.888888889,1.0,1419,18,3,13,2,10,4,0.4,1,0,0.0,0,31,34,22.08,10.100000000000001
28,IND,0.0,TEN,8,3,1.0,27,51,52.9,224,3,2,1,7,68.3,20,83,4.15,1,307,72,4.263888889,3.0,1858,24,9,10,5,16,7,0.43799999999999994,3,2,0.667,0,31,34,18.96,14.3
29,IND,0.0,NYJ,9,1,0.0,22,30,73.3,272,3,0,1,0,134.3,30,260,8.67,3,532,61,8.721311475,0.0,1827,28,9,17,2,10,5,0.5,2,1,0.5,1,45,30,22.880000000000003,44.0
30,ARI,0.0,MIN,2,4,0.0,29,36,80.6,371,3,2,3,29,117.6,21,103,4.9,1,474,60,7.9,2.0,1912,21,5,16,0,9,3,0.33299999999999996,1,1,1.0,1,34,33,24.84,16.3
31,ARI,0.0,HOU,7,4,0.0,20,28,71.4,225,3,1,4,36,121.3,37,172,4.65,1,397,69,5.753623188,1.0,2043,24,7,15,2,12,6,0.5,1,1,1.0,1,31,5,20.0,23.2
32,DAL,1.0,TAM,1,1,0.0,42,58,72.4,391,3,1,1,12,101.4,18,60,3.33,0,451,77,5.857142857,1.0,2067,30,4,21,5,17,9,0.529,0,0,0.0,0,29,31,26.64,6.0
33,DAL,0.0,PHI,3,6,0.0,21,26,80.8,220,3,0,4,18,143.3,41,160,3.9,2,380,71,5.352112676,1.0,2091,27,9,14,4,12,6,0.5,2,1,0.5,1,41,21,20.8,28.0
34,DAL,0.0,NYG,5,4,0.0,23,33,69.7,314,3,1,2,10,118.7,39,201,5.15,1,515,74,6.95945946,2.0,1932,26,10,13,3,14,8,0.5710000000000001,2,1,0.5,1,44,20,23.560000000000002,26.1
35,DAL,1.0,NWE,6,4,1.0,36,51,70.6,445,3,1,0,0,108.7,31,122,3.94,0,567,82,6.914634146,2.0,2357,32,5,25,2,13,3,0.231,4,2,0.5,1,35,29,28.8,12.200000000000001
36,DEN,0.0,LVR,6,4,0.0,35,49,71.4,309,3,3,5,25,84.9,23,112,4.87,0,421,77,5.467532468,4.0,2073,25,6,18,1,14,5,0.35700000000000004,3,1,0.33299999999999996,0,24,34,21.36,11.200000000000001
37,DET,0.0,SFO,1,3,0.0,38,57,66.7,314,3,1,3,24,92.6,24,116,4.83,1,430,84,5.119047619,1.0,2008,31,8,19,4,15,4,0.267,5,2,0.4,0,33,41,23.560000000000002,17.6
38,GNB,0.0,WAS,7,3,0.0,27,35,77.1,247,3,0,3,27,127.6,15,57,3.8,0,304,53,5.735849057,1.0,1626,19,2,16,1,12,6,0.5,1,1,1.0,1,24,10,21.880000000000003,5.7
39,HOU,0.0,NWE,5,3,0.0,21,29,72.4,293,3,0,3,19,141.7,24,67,2.79,0,360,56,6.428571429,1.0,1756,14,2,10,2,14,6,0.429,3,3,1.0,0,22,25,23.72,6.7
40,JAX,1.0,HOU,1,3,0.0,28,51,54.9,319,3,3,1,13,70.1,16,76,4.75,0,395,68,5.808823529,3.0,1496,20,5,13,2,11,3,0.273,1,1,1.0,0,21,37,21.759999999999998,7.6000000000000005
41,KAN,0.0,CLE,1,4,0.0,27,36,75.0,324,3,0,2,13,131.4,23,73,3.17,1,397,61,6.508196721,0.0,1967,21,4,17,0,13,9,0.6920000000000001,0,0,0.0,1,33,29,24.96,13.3
42,KAN,1.0,BAL,2,5,0.0,24,31,77.4,343,3,1,0,0,131.5,18,62,3.44,1,405,49,8.265306122,2.0,1441,22,2,18,2,6,1,0.16699999999999998,0,0,0.0,0,35,36,24.72,12.2
43,KAN,0.0,LAC,3,3,0.0,27,44,61.4,251,3,2,2,9,81.6,30,186,6.2,0,437,76,5.75,4.0,1951,33,12,17,4,10,6,0.6,0,0,0.0,0,24,30,20.04,18.6
44,MIN,1.0,ARI,2,4,0.0,22,32,68.8,242,3,0,1,2,122.4,27,177,6.56,0,419,60,6.983333333,0.0,1688,22,11,10,1,10,2,0.2,0,0,0.0,0,33,34,21.68,17.7
45,MIN,0.0,SEA,3,4,0.0,30,38,78.9,313,3,0,1,10,128.4,34,140,4.12,0,453,73,6.205479452,0.0,2153,28,7,20,1,14,9,0.643,0,0,0.0,1,30,17,24.52,14.0
46,MIN,1.0,CAR,6,3,1.0,33,48,68.8,373,3,0,0,0,112.6,36,198,5.5,1,571,84,6.797619048,1.0,2258,26,10,16,0,16,7,0.43799999999999994,0,0,0.0,1,34,28,26.92,25.8
47,NWE,0.0,NYJ,7,3,0.0,28,41,68.3,403,3,0,1,8,125.2,32,148,4.63,4,551,74,7.445945946,0.0,1932,32,12,17,3,12,7,0.583,1,1,1.0,1,54,13,28.12,38.8
48,NYJ,0.0,CIN,8,3,0.0,39,49,79.6,414,3,2,2,8,106.0,27,97,3.59,1,511,78,6.551282051,3.0,2181,32,6,23,3,11,6,0.545,0,0,0.0,1,34,31,26.56,15.700000000000001
49,TEN,0.0,IND,3,3,0.0,18,27,66.7,188,3,2,1,9,94.2,37,180,4.86,0,368,65,5.661538462,3.0,2046,24,10,11,3,12,6,0.5,1,1,1.0,1,25,16,17.52,18.0
50,TEN,1.0,IND,8,3,1.0,23,34,67.6,247,3,2,3,18,95.8,31,93,3.0,0,340,68,5.0,2.0,2099,18,6,10,2,17,8,0.47100000000000003,2,2,1.0,1,34,31,19.880000000000003,9.3
51,PHI,1.0,ATL,1,3,0.0,27,35,77.1,261,3,0,1,3,126.4,31,173,5.58,1,434,67,6.47761194,0.0,1862,24,10,13,1,13,6,0.462,2,0,0.0,1,32,6,22.439999999999998,23.3
52,LAR,0.0,CHI,1,5,0.0,20,26,76.9,312,3,0,1,9,156.1,23,74,3.22,1,386,50,7.72,0.0,1486,18,4,13,1,11,6,0.545,1,1,1.0,1,34,14,24.48,13.4
53,LAR,0.0,DET,7,4,0.0,28,41,68.3,327,3,0,1,7,117.3,19,47,2.47,0,374,61,6.131147541,0.0,1640,22,2,17,3,13,9,0.6920000000000001,1,0,0.0,1,28,19,25.08,4.7
54,LAR,1.0,HOU,8,3,0.0,22,34,64.7,302,3,0,1,8,123.4,31,165,5.32,2,467,66,7.075757576,0.0,2015,26,9,16,1,11,4,0.364,1,0,0.0,1,38,22,24.08,28.5
55,BAL,0.0,MIN,9,3,1.0,27,41,65.9,253,3,2,3,13,88.1,45,247,5.49,1,500,89,5.617977528,2.0,2764,36,17,15,4,15,6,0.4,3,3,1.0,1,34,31,20.12,30.700000000000003
56,LAC,0.0,LVR,4,6,0.0,25,39,64.1,212,3,0,2,10,104.9,34,168,4.94,1,380,75,5.066666667,0.0,2082,25,11,13,1,13,4,0.308,3,2,0.667,1,28,14,20.48,22.8
57,SFO,0.0,SEA,4,4,0.0,23,41,56.1,314,3,1,2,8,95.8,29,143,4.93,0,457,72,6.347222222,2.0,1900,23,7,15,1,14,2,0.14300000000000002,4,3,0.75,0,21,28,23.560000000000002,14.3
58,WAS,1.0,ATL,4,3,0.0,23,33,69.7,290,3,0,1,0,127.1,28,122,4.36,1,412,62,6.64516129,0.0,1757,26,8,16,2,9,4,0.444,2,1,0.5,1,34,30,23.6,18.200000000000003
59,ATL,1.0,TAM,2,4,0.0,35,48,72.9,293,2,3,1,7,76.7,20,55,2.75,1,348,69,5.043478261,3.0,2011,19,2,15,2,15,6,0.4,4,1,0.25,0,25,48,16.72,11.5
60,ATL,1.0,NYG,3,3,0.0,27,36,75.0,227,2,0,3,16,111.2,20,69,3.45,0,296,59,5.016949153,1.0,1689,18,3,12,3,13,5,0.385,0,0,0.0,1,17,14,17.08,6.9
61,ATL,0.0,NYJ,5,2,0.0,33,46,71.7,342,2,0,0,0,107.3,29,108,3.72,1,450,75,6.0,2.0,2154,28,5,19,4,14,9,0.643,1,1,1.0,1,27,20,21.68,16.8
62,ATL,1.0,MIA,7,3,0.0,25,40,62.5,325,2,1,1,11,95.4,22,72,3.27,1,397,63,6.301587302,2.0,1522,21,5,15,1,13,6,0.462,0,0,0.0,1,30,28,20.0,13.2
63,ATL,1.0,NOR,9,3,0.0,23,30,76.7,332,2,0,2,11,135.8,25,34,1.36,1,366,57,6.421052632,0.0,1659,18,2,14,2,13,5,0.385,1,0,0.0,1,27,25,21.28,9.4
64,BUF,1.0,MIA,2,3,0.0,17,33,51.5,171,2,1,1,8,75.2,30,143,4.77,3,314,64,4.90625,2.0,1706,21,10,8,3,13,7,0.5379999999999999,1,1,1.0,1,35,0,13.84,32.3
65,BUF,0.0,HOU,4,3,0.0,21,31,67.7,251,2,1,1,5,101.0,40,199,4.98,2,450,72,6.25,1.0,2295,26,12,12,2,12,5,0.41700000000000004,2,1,0.5,1,40,0,17.04,31.900000000000002
66,BUF,0.0,MIA,8,3,0.0,29,43,67.4,249,2,0,0,0,97.9,23,102,4.43,1,351,66,5.318181818,0.0,1847,24,5,15,4,13,6,0.462,1,0,0.0,1,26,11,17.96,16.200000000000003
67,CAR,0.0,NOR,2,3,0.0,26,38,68.4,294,2,1,2,11,99.1,33,89,2.7,1,383,73,5.246575343,1.0,2312,28,4,18,6,15,8,0.5329999999999999,0,0,0.0,1,26,7,18.759999999999998,14.9
68,CAR,1.0,DAL,4,3,0.0,26,39,66.7,266,2,2,5,35,85.5,24,113,4.71,2,379,68,5.573529412,2.0,2016,24,9,13,2,13,4,0.308,3,3,1.0,0,28,36,16.64,23.3
69,CIN,0.0,MIN,1,3,1.0,20,27,74.1,217,2,0,5,44,128.8,36,149,4.14,1,366,68,5.382352941,0.0,2091,20,7,12,1,14,3,0.214,3,2,0.667,1,27,24,16.68,20.9
70,CIN,1.0,CHI,2,3,0.0,19,30,63.3,179,2,3,5,28,66.2,20,69,3.45,0,248,55,4.509090909,4.0,1719,14,2,10,2,13,6,0.462,1,0,0.0,0,17,20,12.16,6.9
71,CIN,0.0,JAX,4,1,0.0,25,32,78.1,342,2,0,1,6,132.8,22,78,3.55,1,420,55,7.636363636,0.0,1875,21,4,16,1,9,5,0.556,0,0,0.0,1,24,21,21.68,13.8
72,CIN,0.0,GNB,5,3,1.0,26,38,68.4,264,2,2,3,17,85.5,24,103,4.29,1,367,65,5.646153846,2.0,2046,18,6,12,0,14,5,0.35700000000000004,2,2,1.0,0,22,25,16.560000000000002,16.3
73,CLE,1.0,LAC,5,4,0.0,23,32,71.9,301,2,0,1,4,122.5,35,230,6.57,3,531,68,7.808823529,0.0,2188,25,10,12,3,12,4,0.33299999999999996,3,1,0.33299999999999996,0,42,47,20.04,41.0
74,CLE,0.0,ARI,6,4,0.0,20,31,64.5,217,2,1,5,23,96.2,19,73,3.84,0,290,55,5.272727273,3.0,1521,16,4,11,1,10,3,0.3,4,1,0.25,0,14,37,15.68,7.300000000000001
75,CLE,1.0,CIN,9,3,0.0,14,21,66.7,208,2,0,2,10,132.6,23,153,6.65,2,361,46,7.847826087,0.0,1478,14,6,7,1,9,3,0.33299999999999996,0,0,0.0,1,41,16,16.32,27.3
76,IND,0.0,SEA,1,3,0.0,25,38,65.8,223,2,0,3,28,102.0,30,113,3.77,0,336,71,4.732394366,1.0,2147,23,8,14,1,13,5,0.385,3,0,0.0,0,16,28,16.92,11.3
77,IND,1.0,MIA,4,3,0.0,24,32,75.0,210,2,0,2,18,115.1,33,139,4.21,1,349,67,5.208955224,1.0,2229,20,9,9,2,15,6,0.4,1,1,1.0,1,27,17,16.4,19.9
78,IND,1.0,BAL,5,6,1.0,25,35,71.4,390,2,0,2,12,128.5,26,123,4.73,1,513,63,8.142857143,1.0,1845,29,10,16,3,10,5,0.5,1,1,1.0,0,25,31,23.6,18.3
79,IND,0.0,HOU,6,3,0.0,11,20,55.0,214,2,0,2,9,127.7,26,174,6.69,2,388,48,8.083333333,0.0,1527,15,7,8,0,10,3,0.3,1,1,1.0,1,31,3,16.560000000000002,29.400000000000002
80,IND,1.0,SFO,7,5,0.0,17,26,65.4,147,2,0,1,3,106.2,33,148,4.48,2,295,60,4.916666667,2.0,2036,17,8,6,3,14,6,0.429,1,1,1.0,1,30,18,13.879999999999999,26.8
81,ARI,1.0,LAR,4,4,0.0,24,32,75.0,249,2,0,3,19,120.3,40,216,5.4,2,465,75,6.2,0.0,2110,27,15,11,1,13,8,0.615,0,0,0.0,1,37,20,17.96,33.6
82,DAL,1.0,MIN,8,5,0.0,25,41,61.0,341,2,1,3,19,95.6,24,78,3.25,0,419,68,6.161764706,2.0,1952,23,4,17,2,14,7,0.5,0,0,0.0,1,20,16,20.64,7.800000000000001
83,DAL,0.0,DEN,9,3,0.0,19,39,48.7,212,2,1,2,20,73.9,16,78,4.88,0,290,57,5.087719298,2.0,1128,14,2,11,1,13,5,0.385,4,0,0.0,0,16,30,15.48,7.800000000000001
84,DEN,1.0,NYG,1,4,0.0,28,36,77.8,255,2,0,2,9,115.7,28,165,5.89,1,420,66,6.363636364,1.0,2108,24,4,17,3,15,7,0.467,3,3,1.0,1,27,13,18.200000000000003,22.5
85,DEN,1.0,JAX,2,3,0.0,26,34,76.5,302,2,0,3,26,125.6,30,96,3.2,0,398,67,5.940298508,0.0,2332,22,9,11,2,11,2,0.182,2,2,1.0,1,23,13,20.08,9.600000000000001
86,DEN,1.0,PIT,5,3,0.0,24,38,63.2,268,2,1,2,20,92.9,18,106,5.89,0,374,58,6.448275862,1.0,1618,17,3,14,0,12,2,0.16699999999999998,4,3,0.75,0,19,27,17.72,10.600000000000001
87,DEN,1.0,CLE,7,1,0.0,23,33,69.7,182,2,1,2,5,91.4,14,41,2.93,0,223,49,4.551020408,1.0,1389,15,3,11,1,11,5,0.455,1,1,1.0,0,14,17,14.280000000000001,4.1000000000000005
88,DET,1.0,GNB,2,6,0.0,26,36,72.2,236,2,1,1,10,97.7,19,108,5.68,0,344,56,6.142857143,2.0,1595,19,7,11,1,9,4,0.444,2,0,0.0,0,17,35,16.439999999999998,10.8
89,DET,1.0,CHI,4,3,0.0,24,38,63.2,261,2,0,4,38,105.0,25,90,3.6,0,351,67,5.23880597,2.0,1877,23,4,15,4,11,4,0.364,3,1,0.33299999999999996,0,14,24,18.439999999999998,9.0
90,GNB,1.0,SFO,3,5,0.0,23,33,69.7,253,2,0,1,8,113.3,25,100,4.0,1,353,59,5.983050848,0.0,1808,21,5,13,3,11,5,0.455,1,0,0.0,1,30,28,18.12,16.0
91,GNB,0.0,PIT,4,4,0.0,20,36,55.6,236,2,0,3,12,95.6,33,131,3.97,1,367,72,5.097222222,1.0,2081,23,9,13,1,15,9,0.6,1,0,0.0,1,27,17,17.439999999999998,19.1
92,GNB,1.0,CIN,5,3,1.0,27,39,69.2,333,2,1,2,11,102.9,22,133,6.05,0,466,63,7.396825397,1.0,2039,21,4,16,1,11,4,0.364,0,0,0.0,1,25,22,20.32,13.3
93,GNB,1.0,CHI,6,3,0.0,17,23,73.9,169,2,0,3,26,128.0,31,154,4.97,1,323,57,5.666666667,0.0,1937,22,10,10,2,8,2,0.25,1,1,1.0,1,24,14,14.76,21.4
94,GNB,1.0,ARI,8,1,0.0,22,37,59.5,184,2,0,1,0,90.4,34,151,4.44,1,335,72,4.652777778,0.0,2255,24,11,10,3,14,6,0.429,4,2,0.5,1,24,21,15.36,21.1
95,HOU,0.0,JAX,1,3,0.0,21,33,63.6,289,2,0,1,2,112.1,41,160,3.9,2,449,75,5.986666667,0.0,2104,22,6,13,3,21,12,0.5710000000000001,0,0,0.0,1,37,21,19.560000000000002,28.0
96,HOU,1.0,CLE,2,3,0.0,18,29,62.1,220,2,1,1,7,95.0,28,82,2.93,1,302,58,5.206896552,2.0,1495,17,5,10,2,14,8,0.5710000000000001,0,0,0.0,0,21,31,15.8,14.200000000000001
97,HOU,0.0,LAR,8,3,0.0,29,39,74.4,279,2,1,5,31,103.6,14,44,3.14,1,323,58,5.568965517,1.0,1585,18,4,13,1,12,4,0.33299999999999996,0,0,0.0,0,22,38,18.16,10.4
98,KAN,0.0,BUF,5,5,0.0,33,54,61.1,272,2,2,2,0,70.9,23,120,5.22,0,392,79,4.962025317,4.0,1945,29,8,16,5,12,5,0.41700000000000004,1,0,0.0,0,20,38,16.880000000000003,12.0
99,KAN,1.0,WAS,6,3,0.0,32,47,68.1,390,2,2,3,7,90.5,28,109,3.89,2,499,78,6.397435897,3.0,2033,29,7,21,1,17,11,0.647,2,1,0.5,1,31,13,21.6,22.9
100,MIA,0.0,IND,4,3,0.0,20,30,66.7,168,2,0,3,31,107.5,16,35,2.19,0,203,49,4.142857143,2.0,1371,13,2,10,1,11,3,0.273,2,2,1.0,0,17,27,14.719999999999999,3.5
101,MIA,1.0,TAM,5,3,0.0,27,39,69.2,262,2,1,3,13,95.6,9,39,4.33,0,301,51,5.901960784,2.0,1373,17,2,13,2,7,2,0.28600000000000003,0,0,0.0,0,17,45,17.48,3.9000000000000004
102,MIA,1.0,JAX,6,2,0.0,34,48,70.8,354,2,1,0,0,97.0,20,77,3.85,0,431,68,6.338235294,1.0,1960,23,4,18,1,17,9,0.529,2,1,0.5,0,20,23,21.16,7.7
103,MIN,1.0,CIN,1,3,1.0,37,50,74.0,336,2,0,3,26,107.2,22,67,3.05,1,403,75,5.373333333,1.0,2109,24,5,16,3,16,6,0.375,2,2,1.0,0,24,27,21.439999999999998,12.7
104,MIN,1.0,BAL,9,3,1.0,17,28,60.7,187,2,0,0,0,104.3,24,131,5.46,1,318,52,6.115384615,0.0,1420,13,6,6,1,14,5,0.35700000000000004,2,2,1.0,0,31,34,15.48,19.1
105,NOR,1.0,NWE,3,3,0.0,13,21,61.9,110,2,0,3,18,110.8,38,142,3.74,1,252,62,4.064516129,0.0,1968,19,10,9,0,13,6,0.462,0,0,0.0,1,28,13,12.4,20.200000000000003
106,NOR,0.0,TAM,8,4,0.0,22,39,56.4,209,2,0,1,6,89.2,32,152,4.75,1,361,72,5.013888889,0.0,1996,26,8,12,6,14,5,0.35700000000000004,3,2,0.667,1,36,27,16.36,21.200000000000003
107,NOR,0.0,ATL,9,3,0.0,27,43,62.8,267,2,0,1,15,97.2,25,109,4.36,1,376,69,5.449275362,1.0,1941,26,6,17,3,10,3,0.3,1,0,0.0,0,25,27,18.68,16.9
108,NWE,0.0,TAM,4,5,0.0,33,42,78.6,295,2,1,4,25,104.4,8,-1,-0.13,0,294,54,5.444444444,2.0,1565,20,1,16,3,9,2,0.222,0,0,0.0,0,17,19,18.8,-0.1
109,NWE,0.0,DAL,6,4,1.0,15,21,71.4,215,2,1,2,14,118.9,27,120,4.44,2,335,50,6.7,2.0,1611,17,6,9,2,9,3,0.33299999999999996,0,0,0.0,0,29,35,15.600000000000001,24.0
110,NYG,1.0,NOR,4,3,1.0,28,40,70.0,402,2,1,0,0,108.5,20,83,4.15,1,485,60,8.083333333,1.0,1655,21,4,17,0,11,4,0.364,0,0,0.0,1,27,21,23.080000000000002,14.3
111,NYG,1.0,KAN,8,6,0.0,23,33,69.7,228,2,1,3,13,98.2,20,72,3.6,0,300,56,5.357142857,1.0,1522,18,3,10,5,12,4,0.33299999999999996,2,1,0.5,0,17,20,16.12,7.2
112,NYJ,1.0,CAR,1,3,0.0,20,37,54.1,207,2,1,6,51,82.9,17,45,2.65,0,252,60,4.2,1.0,1720,16,4,10,2,13,4,0.308,2,1,0.5,0,14,19,15.280000000000001,4.5
113,NYJ,0.0,TEN,4,3,1.0,21,34,61.8,289,2,1,1,8,97.3,25,66,2.64,1,355,60,5.916666667,1.0,1743,16,4,11,1,14,6,0.429,0,0,0.0,1,27,24,18.560000000000002,12.600000000000001
114,TEN,0.0,KAN,7,3,0.0,22,28,78.6,266,2,1,1,9,116.5,35,103,2.94,1,369,64,5.765625,1.0,2181,24,9,13,2,12,8,0.667,0,0,0.0,1,27,3,17.64,16.3
115,PHI,1.0,DAL,3,6,0.0,25,39,64.1,303,2,2,2,23,86.1,12,64,5.33,0,367,53,6.924528302,2.0,1502,12,1,11,0,12,4,0.33299999999999996,2,0,0.0,0,21,41,18.12,6.4
116,PHI,0.0,KAN,4,3,0.0,32,48,66.7,358,2,0,3,29,105.1,19,103,5.42,1,461,70,6.585714286,0.0,1748,30,9,19,2,12,6,0.5,2,1,0.5,0,30,42,22.32,16.3
117,PHI,1.0,LVR,7,4,0.0,18,34,52.9,223,2,0,2,13,94.7,32,135,4.22,1,358,68,5.264705882,2.0,1649,22,8,12,2,13,6,0.462,3,2,0.667,0,22,33,16.92,19.5
118,PIT,0.0,DEN,5,3,0.0,15,25,60.0,244,2,0,1,9,120.9,35,147,4.2,1,391,61,6.409836066,1.0,1982,19,5,12,2,12,7,0.583,0,0,0.0,1,27,19,17.759999999999998,20.700000000000003
119,PIT,0.0,CHI,9,6,0.0,21,30,70.0,175,2,0,4,30,111.1,32,105,3.28,1,280,66,4.242424242,1.0,2038,20,8,8,4,17,6,0.353,2,2,1.0,1,29,27,15.0,16.5
120,LVR,0.0,BAL,1,6,1.0,34,56,60.7,409,2,1,3,26,89.5,21,82,3.9,2,491,80,6.1375,1.0,2048,26,6,17,3,15,7,0.467,1,0,0.0,1,33,27,23.36,20.200000000000003
121,LVR,1.0,PIT,2,3,0.0,28,37,75.7,373,2,0,2,9,126.2,25,52,2.08,0,425,64,6.640625,0.0,2062,22,4,17,1,13,5,0.385,1,1,1.0,1,26,17,22.92,5.2
122,LVR,0.0,MIA,3,4,1.0,26,43,60.5,357,2,1,3,29,95.7,35,140,4.0,1,497,81,6.135802469,1.0,2327,28,7,18,3,15,8,0.5329999999999999,1,0,0.0,1,31,28,21.28,20.0
123,LVR,1.0,LAC,4,6,0.0,21,34,61.8,165,2,1,4,31,84.9,18,48,2.67,0,213,56,3.803571429,1.0,1518,13,2,8,3,13,4,0.308,3,1,0.33299999999999996,0,14,28,13.600000000000001,4.800000000000001
124,LVR,1.0,DEN,6,4,0.0,18,27,66.7,340,2,0,2,1,134.4,23,86,3.74,2,426,52,8.192307692,0.0,1527,16,4,11,1,11,4,0.364,0,0,0.0,1,34,24,21.6,20.6
125,LVR,0.0,PHI,7,4,0.0,31,34,91.2,323,2,1,0,0,113.6,29,119,4.1,2,442,63,7.015873016,1.0,1951,23,7,16,0,9,3,0.33299999999999996,1,1,1.0,1,33,22,19.92,23.9
126,LAR,1.0,IND,2,3,0.0,19,30,63.3,270,2,1,1,8,101.8,29,101,3.48,1,371,60,6.183333333,2.0,1708,21,6,15,0,9,3,0.33299999999999996,1,0,0.0,1,27,24,17.8,16.1
127,LAR,0.0,ARI,4,4,0.0,26,41,63.4,280,2,1,0,0,89.5,23,121,5.26,0,401,64,6.265625,2.0,1490,24,8,13,3,11,6,0.545,1,0,0.0,0,20,37,18.200000000000003,12.100000000000001
128,LAC,0.0,NWE,8,4,0.0,18,35,51.4,206,2,2,3,17,66.7,20,163,8.15,1,369,58,6.362068966,2.0,1476,17,5,12,0,12,4,0.33299999999999996,1,1,1.0,0,24,27,14.240000000000002,22.3
129,LAC,1.0,PHI,9,4,0.0,32,38,84.2,356,2,0,0,0,123.2,27,89,3.3,1,445,65,6.846153846,0.0,2017,28,9,17,2,10,5,0.5,4,2,0.5,1,27,24,22.240000000000002,14.9
130,SEA,0.0,TEN,2,4,1.0,22,31,71.0,320,2,0,3,23,128.8,18,77,4.28,2,397,52,7.634615385,0.0,1362,17,5,10,2,12,4,0.33299999999999996,0,0,0.0,0,30,33,20.8,19.7
131,SEA,1.0,SFO,4,4,0.0,16,23,69.6,129,2,0,3,20,116.0,28,105,3.75,2,234,54,4.333333333,0.0,1700,14,7,6,1,10,2,0.2,0,0,0.0,1,28,21,13.16,22.5
132,SEA,0.0,LAR,5,1,0.0,21,33,63.6,262,2,2,2,21,85.8,25,92,3.68,0,354,60,5.9,2.0,1617,22,5,13,4,10,4,0.4,1,0,0.0,0,17,26,16.48,9.200000000000001
133,SEA,0.0,JAX,8,4,0.0,20,24,83.3,160,2,0,3,35,128.3,25,69,2.76,1,229,52,4.403846154,0.0,1711,17,5,9,3,10,3,0.3,1,1,1.0,1,31,7,14.4,12.9
134,SFO,1.0,DET,1,3,0.0,18,26,69.2,311,2,0,1,8,136.5,28,131,4.68,2,442,55,8.036363636,2.0,1592,21,6,13,2,9,3,0.33299999999999996,0,0,0.0,1,41,33,20.439999999999998,25.1
135,SFO,0.0,GNB,3,5,0.0,25,40,62.5,231,2,1,4,26,87.2,21,67,3.19,2,298,65,4.584615385,2.0,1792,25,6,14,5,11,7,0.636,0,0,0.0,0,28,30,16.240000000000002,18.7
136,SFO,0.0,ARI,9,4,0.0,28,40,70.0,298,2,1,5,28,100.6,11,39,3.55,0,337,56,6.017857143,3.0,1393,22,2,17,3,10,4,0.4,0,0,0.0,0,17,31,18.92,3.9000000000000004
137,TAM,1.0,PHI,6,1,0.0,34,42,81.0,297,2,1,0,0,102.1,31,102,3.29,2,399,73,5.465753425,1.0,2396,27,8,17,2,13,7,0.5379999999999999,1,0,0.0,1,28,22,18.880000000000003,22.200000000000003
138,WAS,0.0,NYG,2,1,0.0,34,46,73.9,320,2,1,1,16,99.5,22,87,3.95,1,407,69,5.898550725,1.0,1696,25,8,13,4,13,4,0.308,2,2,1.0,1,30,29,19.8,14.700000000000001
139,WAS,1.0,BUF,3,3,0.0,14,24,58.3,212,2,2,1,0,80.6,25,78,3.12,1,290,50,5.8,3.0,1463,13,3,8,2,11,2,0.182,2,1,0.5,0,21,43,14.48,13.8
140,ATL,0.0,CAR,8,3,0.0,20,27,74.1,131,1,2,3,15,67.8,20,82,4.1,0,213,50,4.26,2.0,1477,17,2,11,4,10,3,0.3,1,1,1.0,0,13,19,7.24,8.200000000000001
141,BUF,0.0,PIT,1,3,0.0,30,51,58.8,254,1,0,3,16,79.7,25,117,4.68,0,371,79,4.696202532,1.0,1997,22,8,13,1,18,8,0.444,3,1,0.33299999999999996,0,16,23,14.16,11.700000000000001
142,CAR,0.0,NYJ,1,3,0.0,24,35,68.6,270,1,0,1,9,102.0,27,111,4.11,1,381,63,6.047619048,1.0,1880,17,3,14,0,14,4,0.28600000000000003,1,0,0.0,1,19,14,14.8,17.1
143,CAR,0.0,PHI,5,3,0.0,21,37,56.8,158,1,3,3,19,44.5,30,109,3.63,0,267,70,3.814285714,3.0,2103,17,6,9,2,15,5,0.33299999999999996,0,0,0.0,0,18,21,7.32,10.9
144,CAR,0.0,MIN,6,3,1.0,17,41,41.5,188,1,1,4,19,55.6,23,118,5.13,1,306,68,4.5,3.0,1594,20,8,8,4,12,2,0.16699999999999998,2,2,1.0,0,28,34,10.52,17.8
145,CHI,0.0,CIN,2,3,0.0,15,24,62.5,83,1,1,3,33,70.8,34,123,3.62,0,206,61,3.37704918,1.0,1881,16,6,7,3,15,6,0.4,1,0,0.0,1,20,17,6.32,12.3
146,CHI,1.0,LVR,5,4,0.0,13,21,61.9,109,1,0,2,10,93.2,37,143,3.86,1,252,60,4.2,0.0,1922,19,7,8,4,13,6,0.462,0,0,0.0,1,20,9,8.36,20.3
147,CHI,0.0,GNB,6,3,0.0,16,27,59.3,137,1,1,4,37,75.2,26,140,5.38,1,277,57,4.859649123,1.0,1663,21,10,10,1,11,4,0.364,2,1,0.5,0,14,24,8.48,20.0
148,CHI,0.0,SFO,8,3,0.0,19,27,70.4,148,1,1,4,27,84.6,36,176,4.89,1,324,67,4.835820896,1.0,2209,22,9,10,3,15,8,0.5329999999999999,1,1,1.0,0,22,33,8.92,23.6
149,CHI,1.0,PIT,9,6,0.0,17,29,58.6,278,1,1,3,13,89.9,26,136,5.23,1,414,58,7.137931035,2.0,1562,20,7,11,2,12,4,0.33299999999999996,0,0,0.0,0,27,29,14.120000000000001,19.6
150,CLE,0.0,HOU,2,3,0.0,19,21,90.5,199,1,1,2,14,105.0,34,156,4.59,3,355,57,6.228070175,2.0,2105,22,11,10,1,9,4,0.444,0,0,0.0,1,31,21,10.96,33.6
151,CLE,0.0,CHI,3,3,0.0,19,31,61.3,203,1,0,5,43,97.0,42,215,5.12,1,418,78,5.358974359,0.0,2374,26,11,13,2,17,8,0.47100000000000003,3,1,0.33299999999999996,1,26,6,12.120000000000001,27.5
152,CLE,0.0,DEN,7,1,0.0,21,33,63.6,194,1,0,1,5,90.3,33,182,5.52,1,376,67,5.611940299,0.0,2211,23,12,11,0,15,9,0.6,1,1,1.0,1,17,14,11.76,24.2
153,IND,0.0,LAR,2,3,0.0,22,36,61.1,245,1,2,3,27,70.6,26,109,4.19,0,354,65,5.446153846,2.0,1892,22,8,13,1,11,5,0.455,1,0,0.0,0,24,27,11.8,10.9
154,ARI,0.0,SFO,5,4,0.0,22,31,71.0,210,1,0,2,29,104.1,27,94,3.48,1,304,60,5.066666667,1.0,1686,20,8,11,1,10,3,0.3,0,0,0.0,1,17,10,12.4,15.4
155,ARI,1.0,SFO,9,4,0.0,23,27,85.2,274,1,0,2,8,122.5,39,163,4.18,3,437,68,6.426470588,0.0,2207,22,9,11,2,15,7,0.467,2,1,0.5,1,31,17,14.96,34.3
156,DEN,0.0,BAL,4,4,0.0,19,37,51.4,148,1,1,5,30,62.7,17,106,6.24,0,254,59,4.305084746,1.0,1613,15,5,9,1,14,3,0.214,0,0,0.0,0,7,23,8.92,10.600000000000001
157,DEN,0.0,WAS,8,4,0.0,19,26,73.1,190,1,0,4,23,109.9,21,83,3.95,1,273,51,5.352941177,1.0,1690,17,6,10,1,13,7,0.5379999999999999,0,0,0.0,1,17,10,11.600000000000001,14.3
158,DEN,1.0,DAL,9,3,0.0,19,28,67.9,217,1,0,4,32,107.6,41,190,4.63,2,407,73,5.575342466,0.0,2472,23,12,9,2,15,8,0.5329999999999999,0,0,0.0,1,30,16,12.68,31.0
159,DET,1.0,LAR,7,4,0.0,23,37,62.2,278,1,2,2,7,72.5,28,137,4.89,0,415,67,6.194029851,2.0,1960,19,7,11,1,15,6,0.4,3,2,0.667,0,19,28,13.120000000000001,13.700000000000001
160,GNB,1.0,KAN,9,4,0.0,19,34,55.9,179,1,1,1,11,69.5,25,122,4.88,0,301,60,5.016666667,2.0,1893,19,6,11,2,12,2,0.16699999999999998,3,2,0.667,0,7,13,10.16,12.200000000000001
161,HOU,0.0,CAR,3,1,0.0,19,28,67.9,151,1,0,4,17,95.5,17,42,2.47,0,193,49,3.93877551,0.0,1455,14,2,10,2,9,1,0.111,1,0,0.0,0,9,24,10.04,4.2
162,JAX,0.0,DEN,2,3,0.0,14,33,42.4,114,1,2,1,4,37.2,16,75,4.69,0,189,50,3.78,2.0,1268,12,3,6,3,11,4,0.364,1,1,1.0,0,13,23,6.5600000000000005,7.5
163,JAX,0.0,ARI,3,3,0.0,22,34,64.7,202,1,2,3,17,68.1,29,159,5.48,1,361,66,5.46969697,4.0,1626,20,9,10,1,11,2,0.182,1,1,1.0,0,19,31,10.08,21.9
164,JAX,0.0,TEN,5,3,0.0,23,33,69.7,256,1,1,2,17,92.1,31,198,6.39,2,454,66,6.878787879,2.0,1710,24,9,12,3,10,3,0.3,3,1,0.33299999999999996,0,19,37,13.24,31.8
165,JAX,0.0,MIA,6,2,0.0,25,41,61.0,312,1,0,2,7,93.4,19,84,4.42,1,396,62,6.387096774,1.0,1640,21,4,16,1,12,3,0.25,3,2,0.667,1,23,20,16.48,14.4
166,JAX,1.0,SEA,8,4,0.0,32,54,59.3,227,1,1,1,11,68.3,19,82,4.32,0,309,74,4.175675676,1.0,1889,20,2,17,1,14,5,0.35700000000000004,4,1,0.25,0,7,31,12.08,8.200000000000001
167,KAN,0.0,NYG,8,6,0.0,29,48,60.4,261,1,1,2,14,74.6,27,107,3.96,1,368,77,4.779220779,2.0,2078,29,10,17,2,12,5,0.41700000000000004,0,0,0.0,1,20,17,13.44,16.700000000000003
168,KAN,0.0,GNB,9,4,0.0,20,37,54.1,160,1,0,1,6,74.8,25,77,3.08,0,237,63,3.761904762,0.0,1707,14,4,9,1,14,5,0.35700000000000004,2,1,0.5,1,13,7,10.4,7.7
169,MIA,1.0,NWE,1,4,0.0,16,27,59.3,185,1,1,2,17,79.6,23,74,3.22,1,259,52,4.980769231,1.0,1397,16,7,9,0,11,4,0.364,0,0,0.0,1,17,16,10.4,13.4
170,MIA,0.0,HOU,9,3,0.0,26,43,60.5,215,1,2,4,29,64.5,25,47,1.88,1,262,72,3.638888889,5.0,1912,22,4,16,2,16,9,0.563,0,0,0.0,1,17,9,10.6,10.7
171,MIN,0.0,CLE,4,3,0.0,20,38,52.6,190,1,1,2,13,66.0,23,65,2.83,0,255,63,4.047619048,1.0,1468,16,4,10,2,16,5,0.313,3,1,0.33299999999999996,0,7,14,10.600000000000001,6.5
172,MIN,0.0,DET,5,3,0.0,25,34,73.5,264,1,1,2,11,94.6,28,120,4.29,0,384,64,6.0,2.0,1926,18,5,12,1,13,5,0.385,0,0,0.0,1,19,17,13.56,12.0
173,MIN,0.0,DAL,8,5,0.0,23,36,63.9,177,1,0,1,7,85.9,24,101,4.21,0,278,61,4.557377049,0.0,1648,17,4,6,7,13,1,0.077,2,1,0.5,0,16,20,11.08,10.100000000000001
174,NOR,0.0,NYG,4,3,1.0,19,26,73.1,235,1,1,0,0,97.4,39,170,4.36,2,405,65,6.230769231,1.0,2251,21,9,12,0,13,8,0.615,1,0,0.0,0,21,27,12.4,29.0
175,NOR,1.0,SEA,7,6,0.0,19,35,54.3,210,1,0,2,12,83.3,31,94,3.03,0,304,68,4.470588235,1.0,1969,21,7,10,4,13,2,0.154,2,2,1.0,1,13,10,12.4,9.4
176,NWE,0.0,MIA,1,4,0.0,29,39,74.4,268,1,0,1,13,102.6,30,125,4.17,0,393,70,5.614285714,2.0,2203,24,8,14,2,16,11,0.688,0,0,0.0,0,16,17,14.72,12.5
177,NWE,0.0,NOR,3,3,0.0,30,51,58.8,251,1,3,2,19,55.2,17,49,2.88,0,300,70,4.285714286,3.0,1632,16,5,10,1,19,7,0.368,3,2,0.667,0,13,28,11.040000000000001,4.9
178,NWE,1.0,HOU,5,3,0.0,23,30,76.7,226,1,1,1,5,95.3,30,126,4.2,1,352,61,5.770491803,2.0,1844,21,6,12,3,11,6,0.545,0,0,0.0,1,25,22,12.040000000000001,18.6
179,NWE,1.0,CAR,9,3,0.0,12,18,66.7,122,1,1,2,17,85.2,39,151,3.87,1,273,59,4.627118644,2.0,1949,17,10,5,2,14,6,0.429,1,1,1.0,1,24,6,7.879999999999999,21.1
180,NYG,0.0,DEN,1,4,0.0,22,37,59.5,254,1,0,2,13,90.7,20,60,3.0,1,314,59,5.322033898,1.0,1492,19,3,13,3,12,6,0.5,3,1,0.33299999999999996,0,13,27,14.16,12.0
181,NYG,1.0,WAS,2,1,0.0,22,32,68.8,228,1,0,4,21,102.2,28,163,5.82,1,391,64,6.109375,0.0,1904,21,7,10,4,12,4,0.33299999999999996,0,0,0.0,0,29,30,13.120000000000001,22.3
182,NYG,1.0,DAL,5,4,0.0,21,39,53.8,294,1,2,0,0,65.5,25,73,2.92,1,367,64,5.734375,2.0,1668,20,3,15,2,13,4,0.308,3,2,0.667,0,20,44,13.76,13.3
183,NYG,0.0,CAR,7,3,0.0,24,34,70.6,199,1,0,2,20,97.5,31,103,3.32,1,302,67,4.507462687,0.0,2075,21,7,11,3,16,7,0.43799999999999994,1,0,0.0,1,25,3,11.96,16.3
184,NYG,0.0,LVR,9,3,0.0,15,20,75.0,98,1,0,3,12,104.2,31,149,4.81,0,247,54,4.574074074,1.0,1811,16,8,6,2,12,6,0.5,0,0,0.0,1,23,16,7.92,14.9
185,NYJ,1.0,NWE,7,3,0.0,26,42,61.9,237,1,2,2,16,66.9,17,62,3.65,1,299,61,4.901639344,3.0,1668,18,3,13,2,13,7,0.5379999999999999,2,0,0.0,0,13,54,11.48,12.2
186,TEN,0.0,ARI,1,3,0.0,22,36,61.1,162,1,1,6,56,75.9,22,86,3.91,1,248,64,3.875,3.0,1599,17,5,12,0,14,5,0.35700000000000004,3,1,0.33299999999999996,0,13,38,9.48,14.6
187,TEN,1.0,NYJ,4,3,1.0,30,49,61.2,253,1,0,7,45,85.2,37,177,4.78,1,430,93,4.623655914,0.0,2442,30,10,17,3,19,5,0.263,3,2,0.667,0,24,27,14.120000000000001,23.7
188,TEN,1.0,JAX,5,3,0.0,14,22,63.6,184,1,0,3,13,107.6,36,184,5.11,3,368,61,6.032786885,0.0,1890,23,12,10,1,11,5,0.455,1,1,1.0,1,37,19,11.36,36.400000000000006
189,TEN,1.0,LAR,9,5,0.0,19,27,70.4,125,1,1,3,18,79.7,26,69,2.65,2,194,56,3.464285714,1.0,1659,16,4,9,3,12,4,0.33299999999999996,2,2,1.0,1,28,16,8.0,18.9
190,PHI,0.0,TAM,6,1,0.0,12,26,46.2,113,1,1,2,2,55.8,19,100,5.26,2,213,47,4.531914894,1.0,1204,16,8,5,3,10,3,0.3,1,1,1.0,0,22,28,7.52,22.0
191,PHI,0.0,LAC,9,4,0.0,11,17,64.7,155,1,0,1,7,115.3,39,176,4.51,2,331,57,5.807017544,0.0,1583,20,13,7,0,12,8,0.667,0,0,0.0,0,24,27,10.2,29.6
192,PIT,1.0,BUF,1,3,0.0,18,32,56.3,177,1,0,2,11,83.9,21,75,3.57,0,252,55,4.581818182,0.0,1603,16,4,9,3,12,4,0.33299999999999996,0,0,0.0,1,23,16,11.08,7.5
193,PIT,0.0,LVR,2,3,0.0,27,40,67.5,292,1,1,2,3,87.0,14,39,2.79,1,331,56,5.910714286,1.0,1538,17,3,13,1,12,5,0.41700000000000004,1,0,0.0,0,17,26,14.68,9.9
194,PIT,0.0,CIN,3,3,0.0,38,58,65.5,297,1,2,4,21,70.9,15,45,3.0,0,342,77,4.441558442,2.0,2122,21,2,16,3,19,9,0.474,2,0,0.0,0,10,24,13.88,4.5
195,PIT,1.0,GNB,4,4,0.0,26,40,65.0,220,1,1,2,12,78.3,16,62,3.88,1,282,58,4.862068966,2.0,1519,17,5,11,1,11,4,0.364,2,0,0.0,0,17,27,11.8,12.2
196,PIT,0.0,SEA,6,5,1.0,29,40,72.5,226,1,0,1,3,94.7,30,119,3.97,1,345,71,4.85915493,1.0,2253,22,6,14,2,14,5,0.35700000000000004,0,0,0.0,1,23,20,13.040000000000001,17.9
197,PIT,1.0,CLE,8,3,0.0,22,35,62.9,255,1,0,2,11,95.7,32,115,3.59,1,370,69,5.362318841,0.0,1905,21,7,13,1,13,4,0.308,4,2,0.5,1,15,10,14.200000000000001,17.5
198,LVR,1.0,NYG,9,3,0.0,30,46,65.2,286,1,2,1,10,72.4,20,117,5.85,0,403,67,6.014925373,3.0,1789,24,8,15,1,12,4,0.33299999999999996,1,1,1.0,0,16,23,13.44,11.700000000000001
199,LAR,1.0,SEA,5,1,0.0,25,37,67.6,358,1,1,1,7,97.2,29,118,4.07,2,476,67,7.104477612,1.0,1983,24,8,16,0,10,2,0.2,1,1,1.0,1,26,17,17.32,23.8
200,LAR,0.0,TEN,9,5,0.0,31,48,64.6,253,1,2,5,41,71.0,21,94,4.48,0,347,74,4.689189189,2.0,1941,22,5,16,1,15,4,0.267,3,2,0.667,0,16,28,12.120000000000001,9.4
201,BAL,1.0,LVR,1,6,1.0,19,30,63.3,217,1,0,3,18,98.6,34,189,5.56,2,406,67,6.059701493,2.0,1934,20,8,11,1,12,3,0.25,2,1,0.5,0,27,33,12.68,30.900000000000002
202,BAL,0.0,KAN,2,5,0.0,18,26,69.2,230,1,2,1,9,78.8,41,251,6.12,3,481,68,7.073529412,2.0,2159,31,18,11,2,11,6,0.545,1,1,1.0,1,36,35,11.200000000000001,43.1
203,BAL,1.0,DET,3,3,0.0,16,31,51.6,271,1,1,4,16,81.0,22,116,5.27,0,387,57,6.789473684,1.0,1647,15,5,10,0,10,1,0.1,1,1,1.0,1,19,17,13.84,11.600000000000001
204,BAL,1.0,DEN,4,4,0.0,22,37,59.5,304,1,0,3,12,96.2,30,102,3.4,1,406,70,5.8,0.0,1987,20,6,14,0,17,7,0.41200000000000003,0,0,0.0,1,23,7,16.16,16.200000000000003
205,BAL,0.0,LAC,6,3,0.0,19,27,70.4,140,1,2,3,27,68.0,38,187,4.92,3,327,68,4.808823529,2.0,2287,27,14,12,1,11,6,0.545,0,0,0.0,1,34,6,7.600000000000001,36.7
206,BAL,0.0,CIN,7,3,0.0,20,42,47.6,278,1,0,5,18,79.1,24,115,4.79,1,393,71,5.535211268,0.0,1909,20,8,12,0,16,5,0.313,4,1,0.25,0,17,41,15.120000000000001,17.5
207,LAC,1.0,WAS,1,3,0.0,31,47,66.0,334,1,1,2,3,85.2,29,90,3.1,1,424,78,5.435897436,2.0,2163,27,6,20,1,19,14,0.737,0,0,0.0,1,20,16,16.36,15.0
208,LAC,0.0,DAL,2,4,0.0,31,41,75.6,313,1,2,2,25,87.2,19,95,5.0,0,408,62,6.580645161,2.0,1857,24,7,13,4,12,5,0.41700000000000004,1,1,1.0,0,17,20,14.52,9.5
209,LAC,1.0,BAL,6,3,0.0,22,39,56.4,182,1,1,2,13,67.8,12,26,2.17,0,208,53,3.924528302,1.0,1313,14,3,11,0,12,3,0.25,4,1,0.25,0,6,34,10.280000000000001,2.6
210,SEA,1.0,MIN,3,4,0.0,23,32,71.9,283,1,0,2,15,111.2,18,106,5.89,1,389,52,7.480769231,0.0,1447,21,6,14,1,8,3,0.375,1,0,0.0,0,17,30,15.32,16.6
211,SEA,1.0,PIT,6,5,1.0,23,32,71.9,165,1,0,5,44,99.6,27,144,5.33,1,309,64,4.828125,1.0,1777,18,8,9,1,12,3,0.25,0,0,0.0,0,20,23,10.600000000000001,20.4
212,SEA,0.0,NOR,7,6,0.0,12,22,54.5,129,1,0,5,38,94.3,28,90,3.21,0,219,55,3.981818182,0.0,1631,14,4,6,4,12,3,0.25,1,0,0.0,0,10,13,9.16,9.0
213,SFO,1.0,PHI,2,3,0.0,22,30,73.3,189,1,0,0,0,100.6,38,117,3.08,1,306,68,4.5,0.0,2094,23,10,9,4,14,6,0.429,1,1,1.0,1,17,11,11.56,17.700000000000003
214,SFO,0.0,IND,7,5,0.0,16,27,59.3,169,1,2,2,12,60.9,24,111,4.63,1,280,53,5.283018868,4.0,1564,13,5,8,0,11,1,0.091,0,0,0.0,0,18,30,8.76,17.1
215,TAM,1.0,LAR,3,4,0.0,41,55,74.5,411,1,0,3,21,103.0,13,35,2.69,2,446,71,6.281690141,0.0,1790,27,3,24,0,13,6,0.462,2,1,0.5,0,24,34,20.44,15.5
216,WAS,0.0,LAC,1,3,0.0,14,21,66.7,133,1,0,1,2,100.3,27,126,4.67,0,259,49,5.285714286,1.0,1437,15,6,6,3,10,3,0.3,1,1,1.0,0,16,20,9.32,12.600000000000001
217,WAS,0.0,KAN,6,3,0.0,24,39,61.5,182,1,1,0,0,70.7,19,94,4.95,0,276,58,4.75862069,2.0,1567,15,6,8,1,14,7,0.5,0,0,0.0,0,13,31,10.280000000000001,9.4
218,WAS,1.0,GNB,7,3,0.0,25,37,67.6,235,1,1,4,33,86.3,29,195,6.72,0,430,70,6.142857143,2.0,1974,25,9,15,1,11,4,0.364,4,1,0.25,0,10,24,12.4,19.5
219,WAS,1.0,DEN,8,4,0.0,24,39,61.5,230,1,2,5,40,69.4,24,112,4.67,0,342,68,5.029411765,2.0,1910,21,6,14,1,14,5,0.35700000000000004,5,1,0.2,0,10,17,11.200000000000001,11.200000000000001
220,ATL,0.0,PHI,1,3,0.0,21,35,60.0,136,0,0,3,28,71.6,26,124,4.77,0,260,64,4.0625,0.0,1738,19,7,8,4,14,3,0.214,3,1,0.33299999999999996,0,6,32,5.44,12.4
221,BUF,1.0,JAX,9,3,0.0,31,47,66.0,229,0,2,4,35,62.7,14,72,5.14,0,301,65,4.630769231,3.0,1838,17,2,15,0,15,6,0.4,1,0,0.0,0,6,9,7.16,7.2
222,CAR,1.0,HOU,3,1,0.0,23,34,67.6,290,0,0,3,14,95.7,33,117,3.55,3,407,70,5.814285714,0.0,2145,28,10,15,3,11,5,0.455,1,0,0.0,1,24,9,11.6,29.700000000000003
223,CAR,1.0,NYG,7,3,0.0,19,39,48.7,117,0,1,6,28,47.5,17,56,3.29,0,173,62,2.790322581,1.0,1525,11,3,8,0,15,2,0.133,4,2,0.5,0,3,25,3.6799999999999997,5.6000000000000005
224,CAR,1.0,ATL,8,3,0.0,13,25,52.0,129,0,0,0,0,66.9,47,203,4.32,1,332,72,4.611111111,1.0,2123,21,13,7,1,17,10,0.588,0,0,0.0,1,19,13,5.16,26.3
225,CAR,0.0,NWE,9,3,0.0,16,33,48.5,162,0,3,1,10,26.3,23,78,3.39,0,240,57,4.210526316,3.0,1651,13,5,8,0,11,3,0.273,1,0,0.0,0,6,24,3.4800000000000004,7.800000000000001
226,CHI,1.0,LAR,1,5,0.0,29,40,72.5,188,0,1,3,28,74.6,26,134,5.15,2,322,69,4.666666667,2.0,2114,24,10,13,1,11,5,0.455,4,0,0.0,0,14,34,6.5200000000000005,25.4
227,CHI,1.0,CLE,3,3,0.0,6,20,30.0,1,0,0,9,67,41.2,13,46,3.54,0,47,42,1.119047619,0.0,1226,6,2,2,2,11,1,0.091,1,0,0.0,0,6,26,0.04,4.6000000000000005
228,CHI,0.0,DET,4,3,0.0,11,17,64.7,185,0,1,1,24,82.7,39,188,4.82,3,373,57,6.543859649,1.0,1723,20,13,5,2,8,1,0.125,1,1,1.0,1,24,14,6.4,36.8
229,CHI,1.0,TAM,7,4,0.0,22,32,68.8,168,0,3,4,16,44.3,29,143,4.93,0,311,65,4.784615385,5.0,1735,17,6,11,0,11,2,0.182,1,0,0.0,0,3,38,3.7199999999999998,14.3
230,CIN,0.0,CLE,9,3,0.0,29,42,69.0,263,0,2,5,25,68.4,23,85,3.7,2,348,70,4.971428571,3.0,2122,25,6,15,4,11,3,0.273,2,0,0.0,0,16,41,8.52,20.5
231,CLE,1.0,KAN,1,4,0.0,21,28,75.0,304,0,1,2,17,97.5,26,153,5.88,4,457,56,8.160714286,2.0,1633,24,9,14,1,7,2,0.28600000000000003,4,3,0.75,0,29,33,11.16,39.3
232,CLE,1.0,MIN,4,3,0.0,15,33,45.5,143,0,0,3,12,59.5,38,184,4.84,1,327,74,4.418918919,0.0,2132,20,10,9,1,18,7,0.389,1,0,0.0,1,14,7,5.72,24.400000000000002
233,CLE,0.0,PIT,8,3,0.0,20,31,64.5,210,0,0,4,15,86.1,23,96,4.17,1,306,58,5.275862069,1.0,1695,19,7,10,2,10,3,0.3,2,0,0.0,0,10,15,8.4,15.600000000000001
234,IND,1.0,TEN,3,3,0.0,19,37,51.4,178,0,0,2,16,66.7,18,87,4.83,1,265,57,4.649122807,0.0,1554,19,7,8,4,12,3,0.25,2,2,1.0,0,16,25,7.12,14.700000000000001
235,ARI,1.0,JAX,3,3,0.0,28,34,82.4,316,0,1,0,0,93.1,30,91,3.03,3,407,64,6.359375,1.0,1974,23,8,14,1,9,1,0.111,2,2,1.0,1,31,19,11.64,27.1
236,ARI,0.0,GNB,8,1,0.0,22,33,66.7,260,0,2,2,14,67.0,20,74,3.7,3,334,55,6.072727273,3.0,1345,22,7,12,3,10,4,0.4,2,2,1.0,0,21,24,8.4,25.4
237,DAL,1.0,LAC,2,4,0.0,23,27,85.2,221,0,1,2,16,87.8,31,198,6.39,2,419,60,6.983333333,1.0,1743,25,11,13,1,10,6,0.6,1,0,0.0,1,20,17,7.84,31.8
238,DEN,0.0,NYJ,3,4,0.0,19,25,76.0,223,0,0,2,12,104.6,37,120,3.24,2,343,64,5.359375,1.0,2147,23,9,10,4,11,4,0.364,0,0,0.0,1,26,0,8.92,24.0
239,DET,0.0,BAL,3,3,0.0,22,31,71.0,192,0,0,2,25,90.4,27,93,3.44,2,285,60,4.75,0.0,1953,22,7,13,2,10,3,0.3,0,0,0.0,0,17,19,7.68,21.3
240,DET,1.0,MIN,5,3,0.0,21,35,60.0,180,0,1,4,23,64.3,24,108,4.5,1,288,63,4.571428571,2.0,1674,22,7,11,4,11,3,0.273,1,0,0.0,0,17,19,6.2,16.8
241,DET,0.0,CIN,6,3,0.0,28,42,66.7,192,0,1,1,10,67.8,18,36,2.0,1,228,61,3.737704918,1.0,1448,15,3,12,0,14,5,0.35700000000000004,2,1,0.5,0,11,34,6.68,9.6
242,DET,0.0,PHI,8,3,0.0,25,34,73.5,171,0,0,6,51,90.6,18,57,3.17,1,228,58,3.931034483,1.0,1500,15,3,11,1,14,5,0.35700000000000004,5,2,0.4,0,6,44,6.84,11.7
243,GNB,1.0,NOR,1,4,0.0,20,35,57.1,186,0,2,2,15,49.8,15,43,2.87,0,229,52,4.403846154,3.0,1524,14,2,9,3,10,1,0.1,3,2,0.667,0,3,38,5.44,4.3
244,HOU,1.0,BUF,4,3,0.0,11,21,52.4,61,0,4,3,26,23.4,18,48,2.67,0,109,42,2.595238095,5.0,1305,6,2,4,0,9,1,0.111,2,1,0.5,0,0,40,-1.56,4.800000000000001
245,HOU,1.0,IND,6,3,0.0,29,43,67.4,229,0,2,2,14,62.5,29,124,4.28,0,353,74,4.77027027,3.0,2073,19,7,12,0,17,9,0.529,2,1,0.5,0,3,31,7.16,12.4
246,HOU,1.0,ARI,7,4,0.0,23,32,71.9,118,0,0,2,17,79.6,15,42,2.8,0,160,49,3.265306122,1.0,1557,8,0,6,2,13,2,0.154,2,0,0.0,0,5,31,4.72,4.2
247,HOU,1.0,MIA,9,3,0.0,24,44,54.5,199,0,3,5,41,41.9,18,73,4.06,0,272,67,4.059701493,4.0,1782,14,3,11,0,17,6,0.353,1,1,1.0,0,9,17,4.96,7.300000000000001
248,JAX,1.0,CIN,4,1,0.0,17,24,70.8,202,0,0,1,2,96.5,30,139,4.63,3,341,55,6.2,0.0,1725,21,12,8,1,12,6,0.5,2,1,0.5,0,21,24,8.08,31.9
249,JAX,0.0,BUF,9,3,0.0,17,28,60.7,139,0,0,2,12,75.1,27,79,2.93,0,218,57,3.824561404,1.0,1762,16,5,5,6,13,2,0.154,2,2,1.0,1,9,6,5.5600000000000005,7.9
250,KAN,1.0,TEN,7,3,0.0,31,51,60.8,257,0,1,4,31,68.1,13,77,5.92,0,334,68,4.911764706,3.0,1419,22,4,16,2,11,4,0.364,3,2,0.667,0,3,27,9.28,7.7
251,MIA,0.0,BUF,2,3,0.0,25,44,56.8,145,0,1,6,37,57.2,20,71,3.55,0,216,70,3.085714286,3.0,1894,13,2,9,2,18,8,0.444,4,0,0.0,0,0,35,4.8,7.1000000000000005
252,MIA,1.0,LVR,3,4,1.0,32,49,65.3,197,0,0,2,18,74.8,27,133,4.93,2,330,78,4.230769231,0.0,1873,22,5,13,4,18,6,0.33299999999999996,4,3,0.75,0,28,31,7.88,25.3
253,MIA,1.0,BUF,8,3,0.0,21,39,53.8,194,0,1,2,11,58.2,23,68,2.96,1,262,64,4.09375,2.0,1753,16,4,10,2,14,4,0.28600000000000003,1,1,1.0,0,11,26,6.76,12.8
254,NOR,1.0,CAR,2,3,0.0,11,22,50.0,80,0,2,4,31,26.9,17,48,2.82,1,128,43,2.976744186,2.0,1288,6,2,3,1,11,2,0.182,2,0,0.0,0,7,26,1.2000000000000002,10.8
255,NWE,1.0,NYJ,2,3,0.0,22,30,73.3,159,0,0,3,27,89.0,24,101,4.21,2,260,57,4.561403509,0.0,1672,17,6,9,2,12,3,0.25,0,0,0.0,1,25,6,6.36,22.1
256,NWE,1.0,LAC,8,4,0.0,18,35,51.4,210,0,0,1,7,70.8,39,142,3.64,1,352,75,4.693333333,1.0,2124,21,9,10,2,19,9,0.474,1,0,0.0,1,27,24,8.4,20.200000000000003
257,NYG,0.0,ATL,3,3,0.0,24,35,68.6,246,0,0,2,20,90.9,27,100,3.7,1,346,64,5.40625,1.0,1911,21,7,12,2,14,7,0.5,0,0,0.0,0,14,17,9.84,16.0
258,NYG,0.0,LAR,6,3,0.0,29,51,56.9,201,0,3,4,41,44.7,18,60,3.33,1,261,73,3.575342466,4.0,1658,21,4,15,2,15,4,0.267,4,2,0.5,0,11,38,5.040000000000001,12.0
259,NYJ,0.0,NWE,2,3,0.0,19,33,57.6,184,0,4,4,26,37.0,31,152,4.9,0,336,68,4.941176471,4.0,1928,18,9,6,3,13,5,0.385,3,1,0.33299999999999996,0,6,25,3.3600000000000003,15.200000000000001
260,NYJ,1.0,DEN,3,4,0.0,19,35,54.3,119,0,2,5,41,42.6,13,43,3.31,0,162,53,3.056603774,2.0,1453,11,1,10,0,13,4,0.308,2,0,0.0,0,0,26,2.76,4.3
261,NYJ,1.0,ATL,5,2,0.0,19,32,59.4,166,0,1,2,26,63.5,18,64,3.56,2,230,52,4.423076923,1.0,1446,17,6,9,2,10,5,0.5,0,0,0.0,0,20,27,5.640000000000001,18.4
262,TEN,1.0,SEA,2,4,1.0,27,40,67.5,320,0,0,3,27,94.5,40,212,5.3,3,532,83,6.409638554,1.0,2553,33,11,16,6,14,6,0.429,1,0,0.0,1,33,30,12.8,39.2
263,TEN,0.0,BUF,6,6,0.0,18,29,62.1,216,0,1,0,0,70.5,22,146,6.64,4,362,51,7.098039216,1.0,1630,16,6,9,1,10,4,0.4,1,1,1.0,1,34,31,7.640000000000001,38.6
264,PHI,0.0,SFO,2,3,0.0,12,24,50.0,177,0,0,2,13,76.7,29,151,5.21,1,328,55,5.963636364,0.0,1506,18,8,7,3,12,5,0.41700000000000004,1,0,0.0,0,11,17,7.08,21.1
265,PHI,1.0,CAR,5,3,0.0,22,37,59.5,182,0,1,2,16,62.7,22,91,4.14,2,273,61,4.475409836,2.0,1497,15,6,8,1,13,4,0.308,1,0,0.0,1,21,18,6.28,21.1
266,PHI,1.0,DET,8,3,0.0,11,16,68.8,114,0,0,0,0,89.1,46,236,5.13,4,350,62,5.64516129,0.0,2100,27,19,6,2,10,5,0.5,0,0,0.0,1,44,6,4.5600000000000005,47.6
267,LVR,0.0,CHI,5,4,0.0,22,35,62.9,188,0,1,3,18,67.1,22,71,3.23,1,259,60,4.316666667,1.0,1678,16,6,7,3,14,5,0.35700000000000004,3,1,0.33299999999999996,0,9,20,6.5200000000000005,13.100000000000001
268,SFO,1.0,ARI,5,4,0.0,15,29,51.7,186,0,1,2,6,58.4,28,152,5.43,1,338,59,5.728813559,1.0,1914,19,7,9,3,11,3,0.273,5,1,0.2,0,10,17,6.44,21.200000000000003
269,SFO,1.0,CHI,8,3,0.0,17,28,60.7,322,0,0,0,0,100.6,26,145,5.58,3,467,54,8.648148148,0.0,1391,21,9,12,0,10,4,0.4,1,1,1.0,1,33,22,12.88,32.5
270,TAM,1.0,NWE,4,5,0.0,22,43,51.2,261,0,0,1,8,70.8,30,120,4.0,1,381,74,5.148648649,0.0,2035,22,8,12,2,19,9,0.474,0,0,0.0,1,19,17,10.44,18.0
271,WAS,0.0,NOR,5,3,0.0,20,41,48.8,242,0,2,2,6,47.6,33,131,3.97,2,373,76,4.907894737,2.0,2186,26,11,11,4,16,5,0.313,3,1,0.33299999999999996,0,22,33,7.68,25.1
